code,SHA1,SHA224,SHA256,SHA384,SHA512,MD5
00,fb96549631c835eb239cd614cc6b5cb7d295121a,5538ae2b02d4ae0b7090dc908ca69cd11a2ffad43c7435f1dbad5e6a,f1534392279bddbf9d43dde8701cb5be14b82f76ec6607bf8d6ad557f60f304e,34ae2cd40efabf896d8d4173e500278d10671b2d914efb5480e8349190bc7e8e1d532ad568d00a8295ea536a9b42bbc6,8ab3361c051a97ddc3c665d29f2762f8ac4240d08995f8724b6d07d8cbedd32c28f589ccdae514f20a6c8eea6f755408dd3dd6837d66932ca2352eaeab594427,b4b147bc522828731f1a016bfa72c073
01,ddfe163345d338193ac2bdc183f8e9dcff904b43,67e7c42dcfc51549c366d8f81b52e62e30778aaa99498f44b30d954f,938db8c9f82c8cb58d3f3ef4fd250036a48d26a712753d2fde5abd03a85cabf4,0096bbced466ec5d14b1f2fdba6224279ea34a68623076c58d8a58de943d8a1b8d8756ff30424b9e4a21599db0808f57,7b3e2f9860391685c2ff6785ab60541bb0db11a20b7e511bf020f4b3073053cc36b647d82f520c5a1c323e853f4bb110fce8210ba409fa42069ab4bf0b0d39e1,96a3be3cf272e017046d1b2674a52bd3
02,bcac9d1d8eab3713ae489224d0130c9468e7a0e3,86fd614f8fe38fc1e1c68733b6cd9acba79623f50b6ee81804054a03,a953f09a1b6b6725b81956e9ad0b1eb49e3ad40004c04307ef8af6246a054116,54e92b186c6c39eba781a4d082fbdf22fe7bd41197a3968d428835ef3826c4f087f5a32af4431ab4398ab4afa583b638,c9fb10083ed68061842ecdbd848143964f8c492586e3528aede8ae419450e300136e499b80e46092b5eb5b26db9d8006750ac8c1c3e85b7f1e05319cf6b315e5,a2ef406e2c2351e0b9e80029c909242d
03,3ea6c91e241f256e5e3a88ebd647372022323a53,1d2bba65c0056963590648b35fba49a8cea4b2597e8953baf66082ad,0b8efa5a3bf104413a725c6ff0459a6be12b1fd33314cbb138745baf39504ae5,63d3959fe2fa54b770021fbeec692e984c3691269dc0b72e44bc5c955b3a2f1d322980cf84f506be055eb3eea510511a,081353b00607b812ca63641b911da8f4a5debd68c1d0c6aac95e698d4c58eff8259bdfc6e5f23e4af7924a16dfbbd8292e66d6460641b62c1301d4e80f166f82,e45ee7ce7e88149af8dd32b27f9512ce
04,798f861ee74f6ff83ccbc9c53b419941d0080e50,93617a007200c4153edaa6e0ea993fe4d6b6d49cce066e354ab4dfc4,6cd5b6e51936a442b973660c21553dd22bd72ddc8751132a943475288113b4c0,079b970928876c87f095972138687eccbdcd5d5070ea10ffc284eddf774964c93525f6d70ec6c1fad3fc3c3ce549c213,45bc336d2e32e62d35f4f1d7a862bcac4504a5e6c573c77de3d716772c5b50fbd835722e116ca669277f9eaec940dd5a49697697788f65a7262eb66e21db624b,7d0665438e81d8eceb98c1e31fca80c1
05,28a5c2818590ee3c4d5d93a448190f3397144303,3fc7517cd45f01c7307c2404c152589c032a45e487b9efc1b895cefd,c97550ce8213ef5cf6ed4ba48790c137df3ef6a5da20b48961001a634b6cead2,eae1409341da3c9b64e9be04cb6750ee3e64116c02f3ebf619b37728e349d6a47c4e2f03de8ea923f8480e7e2255be8d,0875d2e909ca390f0c3de3da57cb9d5ef8bf5c2e6d682d549576eed680b4b6b14c44135db762c218fd21b968a200c63e388af81d3390cf1c3e0a15766fc5bbd9,751d31dd6b56b26b29dac2c0e1839e34
06,7316b3d5fef9b3562d32f7c39f154a3bc3ab9c58,2bc48248fd46eb5ea2fd448fcd067f63b8495517c1c7e1eeb2330b74,aacd834b5cdc64a329e27649143406dd068306542988dfc250d6184745894849,19d0faa2c66536af54f08f6fe36c353c9a689eebacd17352102d6b51371cf36855833069f2075b7237e0fd9c1098c2d6,4d084a9213810815ed984fa354c183b3935a4d6d9a9794b67a738ad0c4a2a6880d88c95ab679312af8ec5bdaf84e4ee839157eee5fb48cbfc6cbce187f7d2aff,faeac4e1eef307c2ab7b0a3821e6c667
07,39f193cfd7d0955cc821f3074a82b7d4b89d22bc,d3d0893dae8aedd2475e7bcf486ee5db8f1e6a837d5de48cee626e58,19b100ab7725c612f3d80ff203ca53cea5cadaafae3bf0f88f0fb4089fe08815,d6452f05bfb1c9eeb5c5d26aa6c7a1da3663313b8b9371db469378618c63ae6423d6fab3199bbf073642748b4c653e22,52a54cc8df8db27c010f6d77ddc4a49077b815d16eb987eaa99d780ac72c95ce5926e784bda0cd69fe759272a8e8c1e62d0f89ba054b3a5ada9686a01f3be760,d72d187df41e10ea7d9fcdc7f5909205
08,1ea51bf32497d1b3708522b430b288a129f65307,3e1b2ae540c182daacf3a5334565a164c061ef39d3eb474b0f3901b7,323783be9a53a31e158ec9600626a4703e99f4e183bc1acb8772cbdf5c3a1ece,62e87968b46ae8cb37a1d47683f53e3b637435e899d5656c83da78d966789d21b7d08b3472c93f5192ba08859f926a94,0831cd276a79d4cbd974d21b863bc398ae121653485fc4f688bbf3975ee9e978c2c1eb15df0c7c0f9590413bab22b240d48fd8f6a845cea68910b6715f3acc4b,fad6f4e614a212e80c67249a666d2b09
09,4b581cdce6283495fd4934ce574ac47e92881c64,cfe4e073089d0d305490c53db580a71796a78fcce6dbef0ea6571deb,3514acf61732f662da19625f7fe781c3e483f2dce8506012f3bb393f5003e105,f82b25fb3749d40755fb4ce4295be565f254014403ddd09879bc145d3dcabdc5d8f8a55d02230194319b075ffb0f0ac9,4de274f923938e903988192d96b0317ac7e59bd32f34b63ee58332cb828cacc1d82bdc7702d406d7d05aea800844a97b93b0a82147ae059ae8e6ac12a3b0fa8b,0a8005f5594bd67041f88c6196192646
10,b1d5781111d84f7b3fe45a0852e59758cd7a87e5,3aac67cd73162d439f9947d61357a1b62432f0ca84b7f435f4177a8c,4a44dc15364204a80fe80e9039455cc1608281820fe2b24f1e5233ade6af1dd5,b1769933399d67ba4d8128a5769841233712ff8b69ac6828285f6c085eb888d052bff30e94f9b280e9808235b0ced7f4,3c11e4f316c956a27655902dc1a19b925b8887d59eff791eea63edc8a05454ec594d5eb0f40ae151df87acd6e101761ecc5bb0d3b829bf3a85f5432493b22f37,d3d9446802a44259755d38e6d163e820
11,17ba0791499db908433b80f37c5fbc89b870084b,161a68601ec1d8ca45250557cff3ffb98eca53fbcf86bbdb8e8bb6e7,4fc82b26aecb47d2868c4efbe3581732a3e7cbcc6c2efb32062c08170a05eeb8,9b20aa6472eef4fd186d231637b1c1d55a5a434cc9130d6afcaaf486253a20c23a4eaeea419594c17f46bc53c7cee12e,74a49c698dbd3c12e36b0b287447d833f74f3937ff132ebff7054baa18623c35a705bb18b82e2ac0384b5127db97016e63609f712bc90e3506cfbea97599f46f,6512bd43d9caa6e02c990b0a82652dca
12,7b52009b64fd0a2a49e6d8a939753077792b0554,3c794f0c67bd561ce841fc6a5999bf0df298a0f0ae3487efda9d0ef4,6b51d431df5d7f141cbececcf79edf3dd861c3b4069f0b11661a3eefacbba918,1e237288d39d815abc653befcab0eb70966558a5bbc10a24739c116ed2f615be31e81670f02af48fe3cf5112f0fa03e8,5aadb45520dcd8726b2822a7a78bb53d794f557199d5d4abdedd2c55a4bd6ca73607605c558de3db80c8e86c3196484566163ed1327e82e8b6757d1932113cb8,c20ad4d76fe97759aa27a0c99bff6710
13,bd307a3ec329e10a2cff8fb87480823da114f8f4,86730f0dd6381286d3b5f0dfb897ce4895480ce97564c6be4f1543b8,3fdba35f04dc8c462986c992bcf875546257113072a909c162f7e470e581e278,6356fbb43627033e886785c2a9c16980336df008b720d23f98b35e06ee69246287739c9d7458b39356c3bdb1e4e2c7fc,413f2ba78c7ed4ccefbe0cc4f51d3eb5cb15f13fec999de4884be925076746663aa5d34476a3df4a8729fd8eea01defa4f3f66e99bf943f4d84382d64bbbfa9e,c51ce410c124a10e0db5e4b97fc2af39
14,fa35e192121eabf3dabf9f5ea6abdbcbc107ac3b,e356f7a3e975871b64a30ec2390d130d5ff859054935857598fe3414,8527a891e224136950ff32ca212b45bc93f69fbb801c3b1ebedac52775f99e61,09ee1a81249288b3f4db15eb47a53147d9700e93e0e26ac73c28e7d4ee2dbe3f996b401ac3dd238b6f06b8e0cae2fc9e,5f3a799ba20c20a225f75d4fe2acab79912dfcd2f2b333bf062b37acbb6463388c344430d5ba1e9fd318d3ed8263074e999e2b2e811bc51c5e2dfea4e2f32e58,aab3238922bcc25a6f606eb525ffdc56
15,f1abd670358e036c31296e66b3b66c382ac00812,87592c38e2b36a1d35437714ecedee4d6fad7a1a0b1bf5d7a2ab68ef,e629fa6598d732768f7c726b4b621285f9c3b85303900aa912017db7617d8bdb,234bc95f992148c77dff31709daab681994a9604617e25fe1233c010ac8a98f53a4df41da3f7f6d18fc8b51ade37c9fe,9a6398cffc55ade35b39f1e41cf46c7c491744961853ff9571d09abb55a78976f72c34cd7a8787674efa1c226eaa2494dbd0a133169c9e4e2369a7d2d02de31a,9bf31c7ff062936a96d3c8bd1f8f2ff3
16,1574bddb75c78a6fd2251d61e2993b5146201319,1c18a39e0bd33685c5684a50010cf67a80f2524417f0a2cfde03810d,b17ef6d19c7a5b1ee83b907c595526dcb1eb06db8227d650d5dda0a9f4ce8cd9,b129619ba02578fc7f126362a61531466cafe6286690aba54cd0319e3836606977d4a0928b418412a0075fb772db92aa,7c73947fa1821233428dd9684e52ce908130a91b903d5179f731c9ded61f06cecca427a7a1a5aabefaa35be5a6dd84efc03f2cb779f339b0766481eabb241e0c,c74d97b01eae257e44aa9d5bade97baf
17,0716d9708d321ffb6a00818614779e779925365c,a210f3351c013fe54d4d7d3ee0d33b76036c62324909b3ef458401c3,4523540f1504cd17100c4835e85b7eefd49911580f8efff0599a8f283be6b9e3,c8a88d8084e0d150bf6ef36b7ad5553ba30024a062a846e446affd9deaa292d773099e9882a7aeb724060593c1283508,dc2de67eb248dcdc50c63aabd1bca8335ad01106dd8ff720590077c161f558a7b61db3c56b3a32997597a3db98fd191c3e9e7fdf555aac1525f0b5342cac4088,70efdf2ec9b086079795c442636b55fb
18,9e6a55b6b4563e652a23be9d623ca5055c356940,958d155f6746e8f18d32a710f206d83f272919fdba3df5c5ad4bc4fd,4ec9599fc203d176a301536c2e091a19bc852759b255bd6818810a42c5fed14a,fdca2073cb2a84421cb63f9aa92c939c8d35359ec9fbc5c06c84ad80b863ed29589adda6f2ee3cf26e277885804848f5,f107ba2da059fa640eccb9533e859a6435f6b83aa2e0636a47444dfdcde33a6e1f3cc1c9437bcfd42675af265a0d0b9d66c86c9e66347aa41534204745e41fb8,6f4922f45568161a8cdf4ad2299f6d23
19,b3f0c7f6bb763af1be91d9e74eabfeb199dc1f1f,6d81d201ee3527b82cf59f3bface88fd2ddbffd3d58fcda4d4b5c4ec,9400f1b21cb527d7fa3d3eabba93557a18ebe7a2ca4e471cfe5e4c5b4ca7f767,d47001837d059e74666529648687f2927a9ea3fa70f414dfd7dc7a60b2c8624914f07c0a1444d40ac063c9054ad81af3,8d89aa701de5a35b24cfadbd2088986ae13311d1a7c63abe5c780c62bc939a0577c3a78cf7ee4951c1b09f6849074c21ca1f7023e89bee683c1dbb2134a984d0,1f0e3dad99908345f7439f8ffabdffc4
20,91032ad7bbcb6cf72875e8e8207dcfba80173f7c,751267062c92e398c3942214b58136f73a4b9e1ca9a214d72d6d5805,f5ca38f748a1d6eaf726b8a42fb575c3c71f1864a8143301782de13da2d9202b,fd21efb0c2863b1d2460f7e6048d757beb2326c6e1bbee5194826be2c626a9de3bc8d6f2488617e505c960478d3855d0,dfa5d1cefd0efdf5f52b765120da72c5706eb1dd113234cfdf31e31f9cd0283366f6a8f7230f29ea42d83acfe02743dc2504cda07c30f6e84bf9b1ca35966266,98f13708210194c475687be6106a3b84
21,472b07b9fcf2c2451e8781e944bf5f77cd8457c8,112a6cfa3ed398a5248c479ed6a061d397633a3fb4d5b9ecca274695,6f4b6612125fb3a0daecd2799dfd6c9c299424fd920f9b308110a2c1fbd8f443,395809b7b4da42f70785d72cc237e64c7916fa6b2167c15202c09915071639718369426689502bd6a7b60e24cd90d8e8,198dabf4bac21cf35cddb48db0f8b67c56b2bdf63767242aea7342fe68c0b9df8d37f3e47a134648e19f1640e158f2e527e636db122a9143307cf309efcb85d9,3c59dc048e8850243be8079a5c74d079
22,12c6fc06c99a462375eeb3f43dfd832b08ca9e17,a29662a4f922a60411ca84c145bf83b76ec59210be23d995e30934d2,785f3ec7eb32f30b90cd0fcf3657d388b5ff4297f2f9716ff66e9b69c05ddd09,1ba40d8a5dcd0f2f0071687f3253f59780a582305a0cee1a49a56a4736dce4fc8af88372c79393a3a569aeda0c15959d,6ad275d26c200e81534d9996183c8748ddfabc7b0a011a90f46301626d709923474703cacab0ff8b67cd846b6cb55b23a39b03fbdfb5218eec3373cf7010a166,b6d767d2f8ed5d21a44b0e5886680cb9
23,d435a6cdd786300dff204ee7c2ef942d3e9034e2,bd1a1bdf6eae5ee14c3fee371cca975a5e052009bc67ce8f11cb7271,535fa30d7e25dd8a49f1536779734ec8286108d115da5045d77f3b4185d8f790,6fda40fc935c39c3894ca91b3faf4acb16fe34d1fc2992c7019f2e35f98fda0aa18b39727f9f0759e6f1cd737ca5c948,6ff334e1051a09e90127ba4e309e026bb830163a2ce3a355af2ce2310ff6e7e9830d20196a3472bfc8632fd3b60cb56102a84fae70ab1a32942055eb40022225,37693cfc748049e45d87b8c7d8b9aacd
24,4d134bc072212ace2df385dae143139da74ec0ef,31e37d936439ee86e5496116c51ebf72018be157ed61a638dd510046,c2356069e9d1e79ca924378153cfbbfb4d4416b1f99d41a2940bfdb66c5319db,ac379cd723f549e2410050ae58541ca19f0cafbff2e83b2cbf07b5a4e20d1aa3f8060bf3c6d62980380323ba46a0a8fe,c0033b5f5a4815a172984d64037dd49a8663fb8b3a71e47f11ecd332c8c3819c57e1631fdf46d66c6ff0e58763a61529fefcfa2a6675e186ee901e5452fedd94,1ff1de774005f8da13f42943881c655f
25,f6e1126cedebf23e1463aee73f9df08783640400,76b8d44676fed57eb0e3627eff69165c9ea9788ad0e832560d48a146,b7a56873cd771f2c446d369b649430b65a756ba278ff97ec81bb6f55b2e73569,98398bf21142f0e52137b0853f31ebb4e45e0976b8e80ebb9d6579669b42583ade02da3858d712902673f8e9e30583f6,5ef620ffb2ed44b40530c0a880fe6b809bf7cc9ce9f589eb2514bf42cec94ade4491c61da816544aebf1054da3d894fdfa218a9bdf73625cbaa1ea0126a47b71,8e296a067a37563370ded05f5a3bf3ec
26,887309d048beef83ad3eabf2a79a64a389ab1c9f,958d42a83cf840cde79922f0795fd6ac7da4d2df828edc32244bb3ba,5f9c4ab08cac7457e9111a30e4664920607ea2c115a1433d7be98e97e64244ca,6e28f15d9912d365a5a06ae3120b2fce1caa1f1bc9afbe0c115d9393b92858fb00beb69cd321a5c3164088af213e7cbe,e053886e1b797bc5a80f932302f0201265a599d82e2502d41941d6e652614ef88fa058e009094d26655f880200df12c2100f690254fd1e5bae75d7441763cd33,4e732ced3463d06de0ca9a15b6153677
27,bc33ea4e26e5e1af1408321416956113a4658763,708308581ddca02b5d0ee9fa588802100125bb067cd6e70baf0350aa,670671cd97404156226e507973f2ab8330d3022ca96e0c93bdbdb320c41adcaf,9fb368480841e3e4fa6b8bb13ab9fb3ddedcb9f60229f5f01042bf3e92dab1fb5488411ba8b718be778999d5326702da,14f70566435cea4309176ad6a8aebb69ac8f99e9e211df66227522b5bb37c7a52e1f4de42543e4bb5346dbce23a636c7237a42e67ff4888befcc2167f7c2b451,02e74f10e0327ad868d138f2b4fdd6f0
28,0a57cb53ba59c46fc4b692527a38a87c78d84028,faf2c49e22e3fdae824e8e5d62956a5f50f16cd4d8f47948b787a582,59e19706d51d39f66711c2653cd7eb1291c94d9b55eb14bda74ce4dc636d015a,40161b3cdbeffadee863b7e211c444f8e0f99fc051c1666c9fdd8a2aad1354dc1264f346b766064687b0ab6d8c441608,edbd48c836f826b5ed8d62b401cd19674ef1b8627b9c68a4639819a8564f57426c632b7c1d3dee8209c48c2396da0a3a08d160617f7291a1186ca6d9de5db272,33e75ff09dd601bbe69f351039152189
29,7719a1c782a1ba91c031a682a0a2f8658209adbf,02314c59fc70bb1b1966d09aaaac689d8eae40c63bafb3f4cde3781d,35135aaa6cc23891b40cb3f378c53a17a1127210ce60e125ccf03efcfdaec458,3867bbdf048085f04a28a1c5f43bd3b8c9b72095a02b3eeb0239cd665f6b26c2d44f39b043158eee97d1d77aa6bc730d,a64c0e99969683e7224137b2726353ffd630fc15cceda1c75169daef65c9802a54dfebffa3902943044fe3273ccce95d0ddfff08fdbae388357a79ce891cfe38,6ea9ab1baa0efb9e19094440c317e21b
30,22d200f8670dbdb3e253a90eee5098477c95c23d,6332531eeafc6e0ede272192be898f549950fb32b209d04f0a98306a,624b60c58c9d8bfb6ff1886c2fd605d2adeb6ea4da576068201b6c6958ce93f4,32f5039553078543bf8748756a64c8b02338afbc1ee3c70dde5988760c3b8833e0e3c830fea5b65f08cb803842eb6ed6,1ccbff33e55627a50beca8cf5c89f77c3165dcb3218171308423f250f0bb0be9700bbfdd92d35dfa2e579110266a40194d707b50e7d27b6f09b81fbbf80231a3,34173cb38f07f89ddbebc2ac9128303f
31,632667547e7cd3e0466547863e1207a8c0c0c549,c05730c3a7a2dbef1693c0299929166dd379d9b57a1ddc5024aa2b48,eb1e33e8a81b697b75855af6bfcdbcbf7cbbde9f94962ceaec1ed8af21f5a50f,63eba807c25331f128c471c835447eed6b450dd0b3887234e6810a2ffdbfa30b71c7c286ea35e5e6642827dcf65a7bc8,5305f867c631e8335813a103a4942a93037c3d3b1982eab342fb495047dcc79e13299ab65b5f4a34400f15af384eda2ed7144671e83996334c0669fc8377a130,c16a5320fa475530d9583c34fd356ef5
32,cb4e5208b4cd87268b208e49452ed6e89a68e0b8,83dd3a4315c03a802c7ab4bf6b61b2bd847976c1295e8e7284ec59b7,e29c9c180c6279b0b02abd6a1801c7c04082cf486ec027aa13515e4f3884bb6b,7ed19d3dedd3e815719b99836042944e36bb281495983599a271ead582f300e304617f756deedc2148766989a4de1c0d,e63006bd9f35f06cd20582fc8b34ae76a15080297be886decd6dfd42f59e5174a537e8cd92ef577297f967beb6b758c1835f4c270c251e10c12331fcd8635c53,6364d3f0f495b6ab9dcf8d3b5c6e0b01
33,b6692ea5df920cad691c20319a6fffd7a4a766b8,f193e8b0c6e8e436ed6fbff804917367733cddc04514d1865452f399,c6f3ac57944a531490cd39902d0f777715fd005efac9a30622d5f5205e7f6894,53caf7beda0d6881f85a17efd3e9758f464bab6618478c987b8edabec62c888d59dc9ac1c1111bc9acd7b9d2b9c1c55c,3163a8d6a4540ecf1794ece0245f291154d30e1080359d2e994ef79c1a469aa0cd808769d9c7ee30ca342c6803d2ebcec3eb71a928d6db187dfb1fc2cf640395,182be0c5cdcd5072bb1864cdee4d3d6e
34,f1f836cb4ea6efb2a0b1b99f41ad8b103eff4b59,132118fcbd33ca6eb800b646f240defac0ad9b8ab0baee3d24de247e,86e50149658661312a9e0b35558d84f6c6d3da797f552a9657fe0558ca40cdef,6f022ac21f67019be044086c38b464a80207547de2263e92b5cd2b935a9e2bf8e2d8cff68bda29134fe4eb9a58440292,e5397f14c44f8df754617194051dab1ad38f59f08580406c2efd59aa4c0f71616713c2abe76bc503e08f2f5eda4863634f6fe99ad39d46c947c09623b91e53ca,e369853df766fa44e1ed0ff613f563bd
35,972a67c48192728a34979d9a35164c1295401b71,93a797d357eab4d4457eca0bec9a154c19eb7e8958cc8bef4418699f,9f14025af0065b30e47e23ebb3b491d39ae8ed17d33739e5ff3827ffb3634953,5c9b43788ff235a6d1f6c0e97af79888561578dd5b6dcc44f915123ccfe2e513cb6fcc92ecd7460cde1d34751944b241,7a4f07ef7ac81ec31e04d55faffe33bdde93ec2398c338760e0d98adab7ba5acf2c39b2da1782f45e8a5a4d337dedcc647afebddd531782af42bafae98ce7ed5,1c383cd30b7c298ab50293adfecb7b18
36,fc074d501302eb2b93e2554793fcaf50b3bf7291,0a192892aa3af8d31c7d3a0eec4c3e0d3f1dd05730569d2cab8d951e,76a50887d8f1c2e9301755428990ad81479ee21c25b43215cf524541e0503269,1f6b97e954ff43a3c8bd133101d48cd98569ec6562d241e700ac20392ae74b9e129e52ca37749b7e0772c84f053b3259,22d862f2af40c95f5f6ee6e6b7883e3fdbe98b2a86ad1af794228371e806f7f3a7900140dc6f70961e87b297d6b49c3b9b7c3d511fa5ed8f23180cd4dce2bb89,19ca14e7ea6328a42e0eb13d585e4c22
37,cb7a1d775e800fd1ee4049f7dca9e041eb9ba083,f6a75c6bbf92eff08f04470171a82c6c11bcd6b96de3444837f22f84,7a61b53701befdae0eeeffaecc73f14e20b537bb0f8b91ad7c2936dc63562b25,139daa9fa26b9e4ba234ce3b3a1837cd49efda412d682595b7bd8760d72e74cf4e6811436738b6bc389ef5bf460efc3d,c21e553cd53f8b212922b2be07a9ca1a83d1d347752fb240acdf414e2dd8983da10aa65c6e7d1da6b24ba918d54d56f04135fb93cbf719cc8a4ad0433b298121,a5bfc9e07964f8dddeb95fc584cd965d
38,5b384ce32d8cdef02bc3a139d4cac0a22bb029e8,4cfca6da32da647198225460722b7ea1284f98c4b179e8dbae3f93d5,aea92132c4cbeb263e6ac2bf6c183b5d81737f179f21efdc5863739672f0f470,c071d202ad950b6a04a5f15c24596a993af8b212467958d570a3ffd4780060638e3a3d06637691d3012bd31122071b2c,caae34a5e81031268bcdaf6f1d8c04d37b7f2c349afb705b575966f63e2ebf0fd910c3b05160ba087ab7af35d40b7c719c53cd8b947c96111f64105fd45cc1b2,a5771bce93e200c36f7cd9dfd0e5deaa
39,ca3512f4dfa95a03169c5a670a4c91a19b3077b4,a65b9aff1ca328b12e7812d30a2b08cc878346c420acd4cfa84c23b9,0b918943df0962bc7a1824c0555a389347b4febdc7cf9d1254406d80ce44e3f9,f694c227512d9d46d07aa7219eff2702123eb287c6eb0f6602a028f079cd8a3fa130597473d23d9162ebb31cb6b8bd3a,3eb88e150a4d2a351c7cdcbbe6dbe0e549339dc651dedaba39ee5f53f95e614fadd959c69402cefbbd88e50efa1c5811528e9b4c9dda137ffa4c8daab5a1fb11,d67d8ab4f4c10bf22aa353e27879133c
40,af3e133428b9e25c55bc59fe534248e6a0c0f17b,af91525e3568e15041ccfa1a7e58f2a8eac837b3c89f400e3f8aea0a,d59eced1ded07f84c145592f65bdf854358e009c5cd705f5215bf18697fed103,eccdaca52cc0ef0cf09b0fab9f955d2c5533d482b5348799d336f51548284c27cbd622f253cc6dd1320d8f86469353d0,5e108bc2842d7716815913af0b3d5cb59563fa9116f71b9a17b37d6d445fe778a071b6abcf9b1c5bac2be00800c74e29d69774a66570908d5ea848dcc0abfa76,d645920e395fedad7bbbed0eca3fe2e0
41,761f22b2c1593d0bb87e0b606f990ba4974706de,4be9117c5674539e25d670df7224a91b2dafbe193d340856fe1f05c5,3d914f9348c9cc0ff8a79716700b9fcd4d2f3e711608004eb8f138bcba7f14d9,1746d9e6e259747ba8857fab9c8b6c13ea6f8f35ce28cf666a5a58307bf2430774083c55089f506575fd1e4a126ed717,e145ddd4c63521bd646145211682ea52dff04e67e79889fab04613dc7b6693368af53eb483dd22d278f6aa21bf180b1c83a1e3130e612f5722e50f11af694842,3416a75f4cea9109507cacd8e2f2aefc
42,92cfceb39d57d914ed8b14d0e37643de0797ae56,3d24353c0d9d445310597750ba9d4d4f3dcf7940eeb57ccd7fa70b3e,73475cb40a568e8da8a045ced110137e159f890ac4da883b6b17dc651b3a8049,8f5e4d4e4972d73670383f94f727e58e683b6397b284c6493fab2754882f5e0847a359a67df5b6c91d3858a81e42e252,39ca7ce9ecc69f696bf7d20bb23dd1521b641f806cc7a6b724aaa6cdbffb3a023ff98ae73225156b2c6c9ceddbfc16f5453e8fa49fc10e5d96a3885546a46ef4,a1d0c6e83f027327d8461063f4ac58a6
43,0286dd552c9bea9a69ecb3759e7b94777635514b,66d178281474e50ee7040e2270f5c889cbfdfaf11a930aae6d6f5028,44cb730c420480a0477b505ae68af508fb90f96cf0ec54c6ad16949dd427f13a,53d4d8f39ab99aa690256f4d0ebe6d79c0effa3138c966388d33122b50766cb0151bc7e3125132017681fcb831802509,d94a45acd81f8e3107d237dbc0d5d195f6a52a0d188bc0284c0763ece1eac9f9496fb6a531a296074c87b3540398dace1222b42e150e67c9301383fde3d66ae5,17e62166fc8586dfa4d1bc0e1742c08b
44,98fbc42faedc02492397cb5962ea3a3ffc0a9243,b78438be9c71c75357ae4ca8478cc16d779958ba25e51afbeefd4751,71ee45a3c0db9a9865f7313dd3372cf60dca6479d46261f3542eb9346e4a04d6,42fd78c7107cb41d00cb914602ac378c6a2c6ef90741b58eaf166ed761b308ec6e997530ec4212fd47fed230374e87e0,08856a9022cc1f4b7c90b2d059e64acb6f6c5ac11da907d86db6a3072e9d821c59603c1ea94a2e537bea0a38320d678c482a66eaaf1a79c4d3432ea41e51b721,f7177163c833dff4b38fc8d2872f1ec6
45,fb644351560d8296fe6da332236b1f8d61b2828a,91febbeb04b3a8f9f815d59a3b9cd666c364bbb7e484682623bd1c7f,811786ad1ae74adfdd20dd0372abaaebc6246e343aebd01da0bfc4c02bf0106c,c1e7545117413e425bbd6a953aef67a191289ad8f7e02d07e204168568791aa08691bb1b0e2f0c1469f21ded79c6193b,0b14aba28095d950570ca8cf3a68f33a4d2c3b1aec2a5dcf85df45b0e7cf615bc3e1d4b8ebcf3ee95c9f7b8cee721cefd12f33b5a40db14634c969d77906bac4,6c8349cc7260ae62e3b1396831a8398f
46,fe2ef495a1152561572949784c16bf23abb28057,ade9a4ab082f2af7d68a51e18478e9914852692b326bc550fcca9ad9,25fc0e7096fc653718202dc30b0c580b8ab87eac11a700cba03a7c021bc35b0c,ebb3a61659ac2effdd1eee0037497520d1bf06d8b9fa7ca1d31b8f4b9c8f484d586dbc94b8ad23d384f691ac082ff89e,9c3211509a9eee80f881f6b6666ab82df6bec222c84ba583c5bb636a0a0d811d850524e9adba61950e09fcd06ffacdd0ee164220ac09a2319b2f35db219fc8c9,d9d4f495e875a2e075a1a4a6e1b9770f
47,827bfc458708f0b442009c9c9836f7e4b65557fb,b7e6b18289039dd1a6fa2098aaa54f8191afece5ebe487449f9891a0,31489056e0916d59fe3add79e63f095af3ffb81604691f21cad442a85c7be617,3943046cb9737ab3c5f66f2c853bea199241d6e258191df4cd30ca22f62ee4aff51d554bc23ecf0dae602b6f4f31c842,e168c4a2090595d15bca74d0f6ce3cc3babb229d5f657c55dd65984a3ff079e2c784a12bafb1e6085a8658bf8c059db7564629792fcb3df84aceea74c30e3bbe,67c6a1e7ce56d3d6fa748ab6d9af3fd7
48,64e095fe763fc62418378753f9402623bea9e227,2e5ba8a2ad4d980bf12ad347793fc8f78dc98cb784d1a55b2736b1ed,98010bd9270f9b100b6214a21754fd33bdc8d41b2bc9f9dd16ff54d3c34ffd71,358c36d21011dc3cd8fd344879408ddfa2902337807617c5335c9ef03b9216b3d4920e8068f4ed61160ee9916b04dcfb,40a5b90ccb302b50ff2610f3231fabf263e0ea3a23372035cf856ea4b27951da3e1dbf05f0856c0ffa01bc57f256a418fe213d99df55b90e3ecc3da6042dc032,642e92efb79421734881b53e1e1b18b6
49,2e01e17467891f7c933dbaa00e1459d23db3fe4f,2336fe9cc4353d58ceae17f820ccd0f79559be1e0c1c42e163fb0610,0e17daca5f3e175f448bacace3bc0da47d0655a74c8dd0dc497a3afbdad95f1f,88707131686401a4449290d1bbd57ca81aa80de858ba224efbe4bfde7cf9bace703fb43f11b082d7fdb85bb32c02aef3,d7901dac15fda6c4d45a19f8057bde312161d25520c32e96565b96460fc609054808b4ea6f65e6e6bb987f2e19f51ae0ed849dafaaed30739dd2cc67074b4d6f,f457c545a9ded88f18ecee47145a72c0
50,e1822db470e60d090affd0956d743cb0e7cdf113,f6c43c243da7289c9ecdbf36cabf9c14d55afe6ef8904d9e6ec56945,1a6562590ef19d1045d06c4055742d38288e9e6dcd71ccde5cee80f1d5a774eb,06ee018287abbcf441b158b95b23994164324c7a6f3ca13ae1afd0a7f97532e46274d39095f7b8412ad49977aa84154e,e62b01e8497ab6b7d89432599e21804eca278bb4a9c4b6ef5f7bae00bd5e45ae6c8cf3a18b74296f9a8e69cd2f416a8f41eeb2128f4e280ecf438ffef6244e14,c0c7c76d30bd3dcaefc96f40275bdc0a
51,b7eb6c689c037217079766fdb77c3bac3e51cb4c,c49bd5f2fdeb86ea2c25f760f88f211e8e26806c2274fdc8357307b2,031b4af5197ec30a926f48cf40e11a7dbc470048a21e4003b7a3c07c5dab1baa,84da9fff3c69b55cb657a59092088110af39f4cc5200cfaf442c0e7b2376e373ace4291d30b77e0c231234c33b1f888f,861522120d559ea5f94622f81393cb5528d880e8c8c238fb50d5ce95b3ae94ca868f1aef1b803c887b13c09490b4532160623e59a3f1ee3749e9d80695a43f3a,2838023a778dfaecdc212708f721b788
52,a9334987ece78b6fe8bf130ef00b74847c1d3da6,a87234b99e86e4b3c115262f9c2fa482b1e9c465e10af18954efa6c2,41cfc0d1f2d127b04555b7246d84019b4d27710a3f3aff6e7764375b1e06e05d,1380086e222e738ac1b82db907349d3304ee31ca0cd125bebd3f2e170f4b55823d8b06529e6b6aba3730837c3abb20d8,b0103360d3bbdcabc75330522fca1366932d63944a4364f2fd9d1d4b935ecab5828b332a39efe9aa635af5e17a8c00fb7c18a3fef6a0e37e3453d73e4180e0a9,9a1158154dfa42caddbd0694a4e9bdc8
53,c5b76da3e608d34edb07244cd9b875ee86906328,6c905a484091b8fd5e27b0cbdb51751f6de1f15f2f0d9d1b06149e92,2858dcd1057d3eae7f7d5f782167e24b61153c01551450a628cee722509f6529,56672548b3791d7ae0ccd2b61bd82a8d6a929105a8b3a4b0281addc3304937e27ff78aede6df421629a4f4f8b00006ef,1393079f1b63bdc89b414e3e247925de89126637fd0fca24fa448a1c0b8fade5849d518fc3dc6b67645bced3da502b4a80327493ebc074de12b3b5b6546d5fc3,d82c8d1619ad8176d665453cfb2e55f0
54,80e28a51cbc26fa4bd34938c5e593b36146f5e0c,a2a728d69944afd6917515829fc1f2ecada6e3085280f33b42c422d9,2fca346db656187102ce806ac732e06a62df0dbb2829e511a770556d398e1a6e,23f4fd9b6c0d6ed07d553c4fa81925fa9421e6a88e890f754391bd6841aad570cb841b183e6827c1c097727e93aae57f,cfcfd1f0065f20812e51031bd692544218a8441d74e20053530afa0a1633cc12904cb593cb4bf6707b4ffdef727ae9140e052dc0c15117c684286f4adbd9f9d6,a684eceee76fc522773286a895bc8436
55,8effee409c625e1a2d8f5033631840e6ce1dcb64,28de1d173d69c7b494041a6b6d269f3a195f52119416d960dfab0d01,02d20bbd7e394ad5999a4cebabac9619732c343a4cac99470c03e23ba2bdc2bc,1c702cbdb8a74442df94e8df701127b0fb31eb5cfe5237ecde6e353f6546b94098c90fb944e1522b320941eb99b7c805,4774b6224b8e98b96b658092bee32c88c41b1a8c80dcfd7e1fdffc7be59c5f72eae3aecac37b0c7398154489066b0b022240a68daf4432849fabe75768faaf5e,b53b3a3d6ab90ce0268229151c9bde11
56,54ceb91256e8190e474aa752a6e0650a2df5ba37,bee2de186cefec1ef8c509c6affb20c84a0a5b724b3c909c9d88f63c,7688b6ef52555962d008fff894223582c484517cea7da49ee67800adc7fc8866,0c5fb0ea6eba72f2dcbe1985e4bd011132c5d099f2486f63e3a8f554ebe50e6fae1e2b0e454b695b5acd318a7aa6d5e9,704e306889b432078eba650de3c8931f865ee9dfe5789f10f1b8f1348a824e8b05cfe7b5192fefc8f6dbe7e297b8fcb481372596d03bb21d72aedbbd14a747d7,9f61408e3afb633e50cdf1b20de6f466
57,9109c85a45b703f87f1413a405549a2cea9ab556,379e9548414e1a56aaf2d1e62b4bdcd8305fc705a31f00da4bb89312,c837649cce43f2729138e72cc315207057ac82599a59be72765a477f22d14a54,20c5d8fa81e63b248d0b422161fd0569ca6d47308ae01299c496c04bb9cd6dd3087ccfa55f413c127b3b98ef9d185a5f,a2f4521450ffa4a0ec674bd6ee1bfe0e936c620adb73e0de1c16b0bd62fc03df62433f9a2ee12bd15c1fc21c888b5de9062311cba437c788ad530dc803366324,72b32a1f754ba1c09b3695e0cb6cde7f
58,667be543b02294b7624119adc3a725473df39885,2d8ace416ba2f00ae49c84aa8e13e72eb370855ce32a45c06d5ed9f2,6208ef0f7750c111548cf90b6ea1d0d0a66f6bff40dbef07cb45ec436263c7d6,6821dbea1ba76e08b5d50dbfb598def8e255098a144f87211d56dcca1b8d1c090731fb99aad54c796bc1b46fffd46179,8f8541b065653434370e0dd0f930ae0586c66a5235723b22e478daf1bee34865b05e9d5b86b1391c9ef575c2f47a967434e2b3f11a0f78e1133f2a89ce0a6d9f,66f041e16a60928b05a7e228a89c3799
59,5a5b0f9b7d3f8fc84c3cef8fd8efaaa6c70d75ab,3a75d8bc7ff5a681c1664cb207ecb0d47ce231095c7c628488daf5c6,3e1e967e9b793e908f8eae83c74dba9bcccce6a5535b4b462bd9994537bfe15c,26461498b26ce1023476f606ace6a38d3e84816709d4d50334421cf4531df0255570c6b9fd247bc2ae05054277d32a73,c45d027d446112379f9dcb9a9e84763c84ffa7533632ae255fb9d5134d54171769a5906366091b39ae680484eabc9a3a08ca58e980419f03d86b11b345778335,093f65e080a295f8076b1c5722a46aa2
60,e6c3dd630428fd54834172b8fd2735fed9416da4,08fb43c60c8f76f5367b95b8784aea066eca95f54fd55c3cd990b205,39fa9ec190eee7b6f4dff1100d6343e10918d044c75eac8f9e9a2596173f80c9,ac0cdc2c8f13f7cc1a532950ebf79d3852cd996f62dfc63a5b68d76f82f2aad222309688a33672e33a7ca89d29339134,26344e270809236abfb6f5ecff13d93d7ecb570a4d2003515abb3aed1c5af45f0fb064b17551d6570a60c14eeac482e54998565def6eaafc61399ba08398c929,072b030ba126b2f4b2374f342be9ed44
61,6c1e671f9af5b46d9c1a52067bdf0e53685674f7,4d57fe03511bbe5dd6a16675a595df5a1b967d9bcacf7525923749d1,d029fa3a95e174a19934857f535eb9427d967218a36ea014b70ad704bc6c8d1c,0421300c6d6752c90e110df75432d2bd51a8f3c27f633e59be5b063c5770b5d563fdd4ebd2cc14f80d2f8c7659f37647,00819bedf0933e1d682112566d00541fa0ebcdbfda053ee2399bb9d51da4ea809b9ca4252ed318b0046fc43ef66853ff2872e2fd894bf371f6683a15bdaaee74,7f39f8317fbdb1988ef4c628eba02591
62,511a418e72591eb7e33f703f04c3fa16df6c90bd,7e02f2d0aa12d15ea16f0f189d621f7b5e668ef70e65f65ddb4b48e7,81b8a03f97e8787c53fe1a86bda042b6f0de9b0ec9c09357e107c99ba4d6948a,808a5111a8ed58e0c7e250859a18bf2682a08a709be1a3446d512de2cb8fbc00243ea2b8b7243644cba66f80399f5ac5,8f93f4613808d16b19cc5b565de55835b96e474d3b07f0cb1e583c6f89498497aca7b67cd455116072fccbbe915a165911ac1fbbf31cc8617d099dd8df83f211,44f683a84163b3523afe57c2e008bc8c
63,a17554a0d2b15a664c0e73900184544f19e70227,2951d5a283a9dfe8d8462aaba47bd2b3932f6016450ed43837df6adf,da4ea2a5506f2693eae190d9360a1f31793c98a1adade51d93533a6f520ace1c,21d4ca1f6f56a16bc25d59e7f7cba22b1f69923e2ad3c3d5b62f414ba5b4dd0e3eb9a1115a6836ac99614f60a9f0f61b,723dcd2756398bc0abe7a6f6d09ca72809344aa76ef6795172eeeaafc37207c0194ad2c0d85c96ba014e807936feec661b2f7c79123ce530222ff2c64485c39d,03afdbd66e7929b125f8597834fa83a4
64,c66c65175fecc3103b3b587be9b5b230889c8628,67cdcd2fee161be905e0cd5135b75ce791f6a658de26315e75269a6a,a68b412c4282555f15546cf6e1fc42893b7e07f271557ceb021821098dd66c1b,a0dfc0ed2ae4031b9b0c2c5b17975edbb1c6fa9138ffd63fdcc6bd29ee10e9e9c2a83ba52e35683a949e5b9451de688f,e559aefac6fe1b006d3497abee2649ceb71fcceea73fd223782338ab29c08e5b887836b806349d5ace9030c69ca91850b01c468825d02359a5faee7261de415e,ea5d2f1c4608232e07d3aa3d998e5135
65,2a459380709e2fe4ac2dae5733c73225ff6cfee1,2f23d622b2d31c7c50e173f49cc33843a69a9cfee1307971b4187cdd,108c995b953c8a35561103e2014cf828eb654a99e310f87fab94c2f4b7d2a04f,cd82dc2862ab6c63733edb53c1c6ddada0a0826afd042ca9ec030414d1114cf682ae9968b80cab1cf7edea3402496bd4,ac7ee5c6be94adc321477d6cd10c8d156d1b521fc8fbb8557e78667b4182f428a2d1e4fcc89b460e1c1f5b08d8539b9c5c0e5e357cd605d9687fb0687ff63b31,fc490ca45c00b1249bbe3554a4fdf6fb
66,59129aacfb6cebbe2c52f30ef3424209f7252e82,1d500cdfbf90ec1888e1d20322c153e682eba9efdeb2a9f84519a6e3,3ada92f28b4ceda38562ebf047c6ff05400d4c572352a1142eedfef67d21e662,1429fea26a2d9914b3659a1a3d3bc71a8c334440492ca6e3322911de8c0a0a3ad62328931271735570a932f42890fefa,3673a16a5983f5f5e04bf88d2c08e39631efe619726c5879d2d6907c00acb5d5689061b28cea52edab7c79dbfb450c961709c36c0d599b526c856e924f57e803,3295c76acbf4caaed33c36b1b5fc2cb1
67,4d89d294cd4ca9f2ca57dc24a53ffb3ef5303122,9f84a3287d7341d8eba1961f43b9c5e44a487373a8ac7f61a8eb74dc,49d180ecf56132819571bf39d9b7b342522a2ac6d23c1418d3338251bfe469c8,ad5e04632efac74bf7148915296a16ce14f930500ad3b4c377eccc767e70f567cf0a6b5b92eca1e91e2644f2969c0190,ce4dd661e4d69073c7999282048ea9ee91932db0d699f8b13b2db70fe532d987ac4a0aef309b82e1ad2aa6c2f2f60473093cd1e399a737cff3f9e70585d36be7,735b90b4568125ed6c3f678819b6e058
68,b4c96d80854dd27e76d8cc9e21960eebda52e962,79a6f286698602e4de30ece1d247baedcb903c71a5f42a425a3210ff,a21855da08cb102d1d217c53dc5824a3a795c1c1a44e971bf01ab9da3a2acbbf,8480f535781b18e4ce71bc7c46a884ca02255b83ce19fd9ea0a19a297cd906f95203fb266e9a4b29a7e7b390f70afa79,7ec8040a523b302bd6a6ee818a79fc25208f99f937fb8364444813e09498b5d31c18f67ccb7dcc79f3c3ceec724c4c726f8559319b7f0d7c3f8de26965f73b94,a3f390d88e4c41f2747bfa2f1b5f87db
69,a72b20062ec2c47ab2ceb97ac1bee818f8b6c6cb,8416c38cc898f1ac7cc9d64e89dab1f70f5ddab002a5b2a1713f93f5,c75cb66ae28d8ebc6eded002c28a8ba0d06d3a78c6b5cbf9b2ade051f0775ac4,580adf23c3f8462d6c9ad3c763dc22648078891850de700048732a80596a50b2604962654d466902e1cf55910be3645b,12dfe9621346c4db705d8c909e28a4509fab47649b4bcf7e100e4f9d97a5c1dcf19e03be8c74fd30244a0a1764aad06fae673cdd04c408070efab1b4395dd61b,14bfa6bb14875e45bba028a21ed38046
70,b7103ca278a75cad8f7d065acda0c2e80da0b7dc,f2bdb0417e3bf50c0a38c5445b5506a5fc53b72c0a5e8af62e5472a2,ff5a1ae012afa5d4c889c50ad427aaf545d31a4fac04ffc1c4d03d403ba4250a,7d9aed8df3cd722540bbc285564d8e12d0e5531b01cd71687841a71afcd31ca224a54201fe6d92a772102858ae9452d9,c386662ba940c3dab369a16cc66bbfac61d14f0ffb789270a93cab315e7a297fa8765c105b3c735f509973e4771f5fa1a50ecf6e216d57715a044b662e59265b,7cbbc409ec990f19c78c75bd1e06f215
71,d02560dd9d7db4467627745bd6701e809ffca6e3,3ab15430af60b0a5ff62d83b3402ec496703a90615c9e5160420cb95,7f2253d7e228b22a08bda1f09c516f6fead81df6536eb02fa991a34bb38d9be8,0c8f98b0176a5ddc6390b95ed124a7ac7457f740f78f46e464aa4e5447ba24a87d7dd74b1c65edbc460c1fccb7c525e2,a8abec0b2fac3f9c8d08c0b2b06e75e591b67a5cba47cc0f0c66468f1db6b5ddb75461b57ea1e17f1eb90b62e6ca9e1cd2491e43829709288e1f1f592bcae1a1,e2c420d928d4bf8ce0ff2ec19b371514
72,c097638f92de80ba8d6c696b26e6e601a5f61eb7,d8b894c27e8f223209acbb3bbe90867f551ca021ebf5f83e93f9b39e,8722616204217eddb39e7df969e0698aed8e599ba62ed2de1ce49b03ade0fede,53251b984ac3a8b053dab99589ce5d75a10b04062f44e28538f078518e6978a832034620a8ddf17aedebe054cc65fb76,8bd4964ded25d2608bbfd709784f9ca9893b6e3e51ec556d7c368c561a2c4f4135266ec7bb6fdeb3651213ea2a8eaf2ef3711b8a51f86c3816c821a62d2694ea,32bb90e8976aab5298d5da10fe66f21d
73,35e995c107a71caeb833bb3b79f9f54781b33fa1,29795667838b5a17a689b60480fb33be85c7ed120a88e799c6e303f5,96061e92f58e4bdcdee73df36183fe3ac64747c81c26f6c83aada8d2aabb1864,c4d4809011f12b4258f0e8816768bc73936e8c4e610a2fc1a850b6b08ed50498a917829c7d2513f8c21e5d77bcf5f162,9659dbdf1d162306ad8ba15f2454b718b566a6543d3df1358a7ac6680a5a58d693b5288b012dbd16d3c28da60b2ff1a770c5a8484a8478c0902c6b8073eaf24c,d2ddea18f00665ce8623e36bd4e3c7c5
74,1f1362ea41d1bc65be321c0a378a20159f9a26d0,cb639848f83b4d4725a2d6ae6395bfa4ca0b93a9fa89dbdffee7d825,eb624dbe56eb6620ae62080c10a273cab73ae8eca98ab17b731446a31c79393a,dc0560dc9735239b507249b22fb4929fed016c2bb4b226c1bf8773ae5c194f21d3470e79ea09b8b98bf3a49d8c5d3a11,95903604994d4ea70481353ac3322f05be9b965ec7eed540e06a3654a6ccb19221bc32f5f3baf35018ff039bfe94ccd1dbd919fac6cb265efca5ed43de1deb0a,ad61ab143223efbc24c7d2583be69251
75,450ddec8dd206c2e2ab1aeeaa90e85e51753b8b7,b8e965d21ef9c159e41e5cadb4e61b852a3eeb434b1d6643f8ed9965,f369cb89fc627e668987007d121ed1eacdc01db9e28f8bb26f358b7d8c4f08ac,a45b71dd9f7210dff9d7426a20d6342259296f0e18617ceb736e579213bdca68255edf875baada92c78888d0d98beed9,b621c14d7802cba525145e0f2abea6cdb178415b230ca23ce27d35e95ecf2afd8b715fd1774f833ab3caba48f38b4acf4600dbc517fd78daf779cb9d66c65acf,d09bf41544a3365a46c9077ebb5e35c3
76,d54ad009d179ae346683cfc3603979bc99339ef7,ebff4efc53c2e17d6e98a3a3aa686f522e34ab9c53d13eb7be35880f,f74efabef12ea619e30b79bddef89cffa9dda494761681ca862cff2871a85980,af87bc35334ddd8b2a5c44088da39b9fc5d3158843b411a39c35f065913bb277449ce4f42cb7e876153423a4abdda327,bc7dea130d219f9d1097a174eb56df348da86f1080c5e5c1ff9e9ef4c4204640ba01b946f3a2fa8ea8adcf2a099e76ccb58d8632c7c51b1d42c5d4f72ce09413,fbd7939d674997cdb4692d34de8633c4
77,d321d6f7ccf98b51540ec9d933f20898af3bd71e,50853a3662856fd8ec6d6a3a93eecf484e832b34cd71f4923810396f,a88a7902cb4ef697ba0b6759c50e8c10297ff58f942243de19b984841bfe1f73,e5ee13de8ff6a7e18b534bc6b5daa0dd45eb83c19b0329aa061e256bcfbb5780761874bfe45aabb0aadf7f5f18a1d61b,84865a87593500aaaa29a49c382b84491eb97ac61a9264edd724aaaa81227040a557412b98841c14ed48b365f9a2f25faf7f59561d001bfa118070ec60dea8f3,28dd2c7955ce926456240b2ff0100bde
78,eb4ac3033e8ab3591e0fcefa8c26ce3fd36d5a0f,8e0f451513e2f54d26870ed083afd70e98a47af699a794298cf96ca8,349c41201b62db851192665c504b350ff98c6b45fb62a8a2161f78b6534d8de9,19129289185ff7cae75196a5714d206060007ffb5446c0d8f19337d66e6aa8da495023cd9e034c0f69762ec68bb0a459,487aa97588681f77efd212a31b59c45d0871f4064eb170ed995bbe47bfb6f45b2ed4fba770668bdc6d5a46a9a689625d4bc86612dceb617560d2c7957a264125,35f4a8d465e6e1edc05f3d8ab658c551
79,b74f5ee9461495ba5ca4c72a7108a23904c27a05,ba84b60e67d66d793d389adc635ad85b457db60a6c54ccbafeb39447,98a3ab7c340e8a033e7b37b6ef9428751581760af67bbab2b9e05d4964a8874a,62208111ba6b1cc63b23bf68dbad44f1f46fce89269bb88b3eacf98d17df9f4c9cf521268b77ae30c75f474cb9ba4d9d,7bf79737110a1d25ffc719d9a8df5f5caf32f9f270ba0a560cc320f3a30366a4b20bfad4a4b35119a0764a0130f96f0c505ef3537a2295f6ee8ac1acb8eb36d4,d1fe173d08e959397adf34b1d77e88d7
80,b888b29826bb53dc531437e723738383d8339b56,0717d705040fdb9b4da516f41c800742b65ce06ad584154c9a6599d0,48449a14a4ff7d79bb7a1b6f3d488eba397c36ef25634c111b49baf362511afc,8e3f10fab019b9abbc9a5bc88c789d4715511f4cc93de2bb09c3cea3cfb3858d79e1f4bda5ba8342ea4c8f5607463606,80def0a37cb589be75e1b976ac3a7666e6f9ce9c3830901107fb170aaa0e3bd17ff96c5871972eca91f50658eb632aa431b804e2ba6b2dffce2ad0ae64712782,f033ab37c30201f73f142449d037028d
81,1d513c0bcbe33b2e7440e5e14d0b22ef95c9d673,0334eec4a00b1fbc7fcf4225707609c926a23a8c77b4def29fd71006,5316ca1c5ddca8e6ceccfce58f3b8540e540ee22f6180fb89492904051b3d531,456d0ef673c9975197784ab352c2d9a9801185cdec3b1c449482b13d4b5bc9220735b37747fee9feaebbc5d1c3286fd0,a4a3cd6ad27b0a593f5c188086978992fef71b22aa5e4211646c62c9c031dc32e301c56a3513ca811b2725eca01e09f7eefafaa65af129050beea4938ffa18ca,43ec517d68b6edd3015b3edc9a11367b
82,76546f9a641ede2beab506b96df1688d889e629a,9fde51a883a3587f45dfc6c098e2e3caadf2aa387fc8a86ad560a23d,a46e37632fa6ca51a13fe39a567b3c23b28c2f47d8af6be9bd63e030e214ba38,6c5718ecd3d2164382f28aee517987c8b8a6b2b9c55b077d57fdce3341757423ee98fed08057b37ca5c5d18c64c58e7b,ef52db28b01e9632cd5969f3ccf502e9e43c33fa30cfa8a0227a07d0dc4be590388da493e42257af4c45fe42a7b702fcd649885eeb92f53c3c115dc661aaecab,9778d5d219c5080b9a6a17bef029331c
83,7d7116e23efef7292cad5e6f033d9a962708228c,7ea9222e26e84a9a9f7096b44d5af0c7730aff212304641ff65eac91,bbb965ab0c80d6538cf2184babad2a564a010376712012bd07b0af92dcd3097d,395b3bdb72775b4a20551a63bac0d2272de3be557e9b0e7fcc45d710df63a2156800a4dd324cf27ce896e1a5b1baa192,3414d7bfdde8010a3aad2b5f62144cd1daedd4d88db916955b3bc9c12a72c8b6907bf7c5f2645d68de9422d3a5c7aecdecdfe70355864164f4faafeb1a6efb5e,fe9fc289c3ff0af142b6d3bead98a923
84,be461a0cd1fda052a69c3fd94f8cf5f6f86afa34,dac5bd92d6b4743b57c911dc0151d87d2aae79feab09649093bcf6d1,44c8031cb036a7350d8b9b8603af662a4b9cdbd2f96e8d5de5af435c9c35da69,cb35e84a3008fed222bd0351ce2a1083f41eee3cc4309c91795ff743f6953c13ce732f656e832306ae81bf4f620ea872,cffaba95edd5423edc8f53a99927111e78647ba60c4c891ecf91a0b3d0ca61a8550fd75c20d4df22268bdb680d341cc5fb4d232c26c076c01a26911acb0b10ae,68d30a9594728bc39aa24be94b319d21
85,1352246e33277e9d3c9090a434fa72cfa6536ae2,6d7beb671ab1a2e92571a0bde7595e72d1e628609fba6b4d8c8af7dd,b4944c6ff08dc6f43da2e9c824669b7d927dd1fa976fadc7b456881f51bf5ccc,e9657eed49a5e593ef75171836fdab9184e5a164d0e0051539fbbd72872b7695cdd47e7dbed9169cd112e9e75ec0ef3f,c674de1d90763c6981258fe9381ef803a9384768b848c3878ab9f2c7f90c80ce9f21be1211f7c762317c780df40b7c372543f834953c43a77fe9a4e9d2ce44d7,3ef815416f775098fe977004015c6193
86,3c26dffc8a2e8804dfe2c8a1195cfaa5ef6d0014,de0a13aab90b285db3fde617643bd713b7ae7e35a3792c5f539c98b8,434c9b5ae514646bbd91b50032ca579efec8f22bf0b4aac12e65997c418e0dd6,7b4931e26d21e8b8681c14d3695ff73b238432ebc73e1d19729608738400fbd784a4678f52e34410ff24728fb23e34cc,5603c3304ef93401ae8d65e3fc1809e964691172063a48f92ef8a3f8c044bdd84f419952f6675ccaf2df76d7fd86c998407e24aedef9868e128c6cba279b7624,93db85ed909c13838ff95ccfa94cebd9
87,e62d7f1eb43d87c202d2f164ba61297e71be80f4,659792317915b6c638e6334cf2823e1ae3a0ea537e54fcee24e95825,bdd2d3af3a5a1213497d4f1f7bfcda898274fe9cb5401bbc0190885664708fc2,cdc3aacf3280abfc6abf3125a7213cb9cd781f1dff7e7e3dfee392f18f2cfc92910f36e394eec239b00fd6375845be0f,838eb538a86499c61ee2f47a4d94114a03a623c8f70b95dd0d74e552c8448de53aa3a53b3682cff76022a3edb8f08dd2fd48a2c3614e7fb3b8a3ce1d1e5662bc,c7e1249ffc03eb9ded908c236bd1996d
88,b37f6ddcefad7e8657837d3177f9ef2462f98acf,6071a6f2f58388d179d075868565c72a48436f24bed03f39dcada12a,8b940be7fb78aaa6b6567dd7a3987996947460df1c668e698eb92ca77e425349,5f4cb5c12580019aaf5c26d8b856db0ad570a8235e581a8449c6d477f535254c92d37039b22603e708d0627c4f0d7dc9,bb90b23776dfde3333f63a924ebd2a039d80fc9280a7d1e9418529ced428930b69a95d55c4d9238f30b73789b4ebe0356bb9b8707025e3c527ca34825a160e2d,2a38a4a9316c49e5a833517c45d31070
89,16b06bd9b738835e2d134fe8d596e9ab0086a985,32580a22449ef2e5b12f1e5a794cc0f90f1f1463fd15036f2b00ed67,cd70bea023f752a0564abb6ed08d42c1440f2e33e29914e55e0be1595e24f45a,18b62dcda274df291192c2b36caa24be6d3f9c30c68666b53813efd366a9b0b19c9e2ea4ac4abcce391b89f8c019d91a,a3f1d1838dfbe3d28a3b5eb40c36c175c051d2eafe9f6a3dd714ca0d221754a91c016cf93cba110bcd09848287dbd7ec0dee3f676c588f830af33b45d845573c,7647966b7343c29048673252e490f736
90,2d0c8af807ef45ac17cafb2973d866ba8f38caa9,0b87e9b981e908da8e219ba02986f2287bbdc8ff4536a6f0eae60a99,69f59c273b6e669ac32a6dd5e1b2cb63333d8b004f9696447aee2d422ce63763,d291c644b083afbe9ad13394b722648ae4adbb276c2c8461c2f91b6ed41115254c2a470e7b1cd931d5a7965bbb624d65,62b09abf6d9f2846c1785343a14449c125b8955c2445171a8bd76af58c874fdf1552070145ead76e36da2869c740b98a5ee900d87403ece014ca438fbdabaac5,8613985ec49eb8f757ae6439e879bb2a
91,4cd66dfabbd964f8c6c4414b07cdb45dae692e19,f0ef5d4592ab606e059053579d0bbfa3b58c2789bcf83487c7db70e6,1da51b8d8ff98f6a48f80ae79fe3ca6c26e1abb7b7d125259255d6d2b875ea08,b101c4aa51e2b4c5b1bc0cd24037bb579520fb50433493df3db57157774da5724a1cc14b27a0dd34fa6fe5bce908e914,d951c24b4b9e7b78c94c324cdcfaf0ecbf0fad6f8fbaeca34d64c1521902e8b1eaf8e33f008617f8e198e87a2df7e9c2c36478bcc539dae67de8efc30db07f22,54229abfcfa5649e7003b83dd4755294
92,8ee51caaa2c2f4ee2e5b4b7ef5a89db7df1068d7,c6ffd9f130572b415704e3d5ada8649b7778bb9d356298d65d276cc8,8241649609f88ccd2a0a5b233a07a538ec313ff6adf695aa44a969dbca39f67d,ba888e63619922895b93a89432ffafbff7a4e8f7e7af4bbd34b28bf1e386d890d2d7e2221a7ce9db0d798d347428f692,7820561264baf306e62430accddb1e07cc3129eab1ad131040c36f84b7bda8e283116fcba7582f53f8521b8ad70789c34cb82781cc48e028e646a12c004de63a,92cc227532d17e56e07902b254dfad10
93,08a35293e09f508494096c1c1b3819edb9df50db,4fd7600f5775324e1da5419b3ff539393ab0e09f5c2ef8fa49a74114,6e4001871c0cf27c7634ef1dc478408f642410fd3a444e2a88e301f5c4a35a4d,e79f2c373fbae020d7326a7b469cb081ac87fde44b8c0fa6ad45bc3ca1ed63b7864cc2a714fcc237f40233b20f9c6e1b,bb85a0a8c0de7fcd6034177952d6affe0785c0d7760b921239b1b0749fbeacc3176729196e1c53f0aee0056daa96245eca6c01966aaad811519e514edfaa883c,98dce83da57b0395e163467c9dae521b
94,215bb47da8fac3342b858ac3db09b033c6c46e0b,dee16fa7665b2425c4e4445d4eba3afb12e7ee7f6db22a0dc2557720,e3d6c4d4599e00882384ca981ee287ed961fa5f3828e2adb5e9ea890ab0d0525,62b1848182a4b598bf4e7d2c87df8d8c7c304a3f6749471e4f48d8c53d4600f7669701294335299f7588870047c52045,85eb108b7e36af2b00ba3e0bc2e2ece782fbf86ef4946df5f91b8ddd978a559f4a6e4f8896b4dc7deb1ba22703ffc5dcefb650c54c60bc8d98b2411a5c2191f1,f4b9ec30ad9f68f89b29639786cb62ef
95,8e63fd3e77796b102589b1ba1e4441c7982e4132,1a58d98b37c7e65a4b86aa1d1caca177c01312e92a1e39ea885f9770,ad48ff99415b2f007dc35b7eb553fd1eb35ebfa2f2f308acd9488eeb86f71fa8,94cd95c4c05bc226aa9e52273c6a9480999f038ad54405af1fb57b44a6c70bfa7eeea25a38795ee0414cbea8903ef58b,053697fde5b417fe1b134c29ad411e4acb153b4d157acf88d45781ee1122cb7f7465e0f0d3e3abca78ff9cfd6b0534b39a3cc80cf3222baeb5c340c0fa2afecf,812b4ba287f5ee0bc9d43bbf5bbe87fb
96,6fb84aed32facd1299ee1e77c8fd2b1a6352669e,23f30ff1348667abedb9884ad2557a5a8e69ad5115a7aa3878d01bf1,7b1a278f5abe8e9da907fc9c29dfd432d60dc76e17b0fabab659d2a508bc65c4,f55ddfaf23264fdfc17a8a8b19b173048d69bdad7e9193dd854c6aeebd18658c411b7a84a9dcad1439242bb15af25f9a,891014f3aa311091ca567206aa98adf7d0395b10e39c5dc51fd2cec15e0732fa0d24a725cbfa5435e8973e2d2e4786c28c204bcab6c2c43c284fe08996be6b77,26657d5ff9020d2abefe558796b99584
97,812ed4562d3211363a7b813aa9cd2cf042b63bb2,291c87136c406bc95b0e54cd0213a19ae87a501cf3224fef31b4c45f,d6d824abba4afde81129c71dea75b8100e96338da5f416d2f69088f1960cb091,ad15a6bc57bd11df55632c295ecbc629d643483e85a6ca0c0b744e31d65dac3092cd0b72dea95aa444e8e6dd1d085e41,73ce1b4371978a11dfcfd913a24fffab97c1d4d5c4407a7ee5520b46dc50614c17d4ed1622be4e9c078c96c7bf80ee1d2817a196ca49695d279805f72dba0237,e2ef524fbf3d9fe611d5a8e90fefdc9c
98,31bd9b9f5f7b338e41b56183a2f3008b541d7c84,3e21b61559ab29f7b12e9912ff7b5da84efbac41f26143c31adaf2e5,29db0c6782dbd5000559ef4d9e953e300e2b479eed26d887ef3f92b921c06a67,1ca5361e613bfc32ce1713673d70ab52096b0cba1aa9f8ac4c8c5a9f062580c9603dc43b6edd1097480f16dde81cc9c7,0dcff5a44cd72c19f94f7b72a5a7766ba5674afb9c13a9085a0ae03848d6a09c2bc0a0ca9660c0aa124b179ec6e84fb9af1121e7f0441705e052d6a6b2f87a7e,ed3d2c21991e3bef5e069713af9fa6ca
